{"cameraMode":{"drawMode":0,"name":"Shaded","section":"Shading Mode"},"sceneLighting":true,"audioPlay":false,"sceneViewState":{"m_AlwaysRefresh":false,"showFog":true,"showSkybox":true,"showFlares":true,"showImageEffects":true,"showParticleSystems":true,"showVisualEffectGraphs":true,"m_FxEnabled":true},"in2DMode":false,"pivot":{"x":2.3631701469421388,"y":-19.997310638427736,"z":2.048206329345703},"rotation":{"x":0.3912491202354431,"y":0.006902124732732773,"z":-0.0029343629721552135,"w":0.9202544093132019},"size":42.212371826171878,"orthographic":false}