{"cameraMode":{"drawMode":0,"name":"Shaded","section":"Shading Mode"},"sceneLighting":true,"audioPlay":false,"sceneViewState":{"m_AlwaysRefresh":false,"showFog":true,"showSkybox":true,"showFlares":true,"showImageEffects":true,"showParticleSystems":true,"showVisualEffectGraphs":true,"m_FxEnabled":true},"in2DMode":false,"pivot":{"x":2.326946258544922,"y":-33.98849868774414,"z":-14.020233154296875},"rotation":{"x":0.3381968140602112,"y":0.0014117199461907149,"z":-0.0005072629428468645,"w":0.9410746693611145},"size":61.40871047973633,"orthographic":false}